{
  "timestamp": "2026-01-08T01:13:45.919Z",
  "users": [
    {
      "id": "cmk4j6azv0000m9tobj1vwkpu",
      "email": "test2@example.com",
      "phone": null,
      "passwordHash": "$2b$12$8.K.8rgbheP15tsjYFKCOuuzPCcJjvANZzYhnGNVGh6wbM7LfHC3i",
      "name": "Beytullah Çiçek",
      "username": null,
      "avatarUrl": null,
      "bio": null,
      "createdAt": "2026-01-07T21:28:48.427Z",
      "updatedAt": "2026-01-07T21:28:48.427Z"
    },
    {
      "id": "cmk4j8xh50000m9f0rawm1zfd",
      "email": "beyytullah@gmail.com",
      "phone": null,
      "passwordHash": "$2b$10$d0dqOyq9iVAZxjQrYi3RUuZ.HQGSbfCkdjlGBtHkLjwc/CBDxo2B2",
      "name": "Beytullah Çiçek",
      "username": "beyytullah",
      "avatarUrl": null,
      "bio": "Bilişim Teknolojileri Öğretmeni | Eğitim Teknolojileri | Yapay Zekâ",
      "createdAt": "2026-01-07T21:30:50.873Z",
      "updatedAt": "2026-01-07T21:30:50.873Z"
    },
    {
      "id": "cmk4potvk0000m91w7uido8m1",
      "email": "admin@nfc.com",
      "phone": null,
      "passwordHash": "$2b$10$dX80A72Hl7ERcWl0EJYtIO7VJwb8bknCarWuyFzZSO.DtC3ERxZha",
      "name": "Admin User",
      "username": null,
      "avatarUrl": null,
      "bio": null,
      "createdAt": "2026-01-08T00:31:10.400Z",
      "updatedAt": "2026-01-08T00:31:10.400Z"
    },
    {
      "id": "cmk4qt92j0000m958rhqr1kch",
      "email": "demo@nfc.com",
      "phone": null,
      "passwordHash": "$2b$10$7JWmMvwprC0wRbmmt/Jkk.//zM/0MXz.cM1T3nhf/../dD.A3GT9e",
      "name": "Demo Kullanıcı",
      "username": "demo_user",
      "avatarUrl": null,
      "bio": "NFC Platform özelliklerini test eden demo hesabı.",
      "createdAt": "2026-01-08T01:02:36.331Z",
      "updatedAt": "2026-01-08T01:02:36.331Z"
    }
  ],
  "nfcTags": [
    {
      "id": "cmk4qy9a50011m904d4hk5xie",
      "tagId": "virtual_1767834389884_l5w281mwgasp9k",
      "publicCode": "l5w281mwgasp9k",
      "ownerId": "cmk4qt92j0000m958rhqr1kch",
      "moduleType": "gift",
      "status": "unclaimed",
      "allowFollow": false,
      "isPublic": true,
      "isActive": true,
      "createdAt": "2026-01-08T01:06:29.885Z",
      "claimedAt": null
    }
  ],
  "cards": [
    {
      "id": "cmk4qt92o0002m958hgxwk1z7",
      "userId": "cmk4qt92j0000m958rhqr1kch",
      "tagId": null,
      "slug": "ceo-profile",
      "cardType": "personal",
      "firstName": null,
      "lastName": null,
      "title": "Profesyonel Profil",
      "bio": null,
      "logoUrl": null,
      "avatarUrl": null,
      "theme": "professional",
      "isPublic": true,
      "level1Password": null,
      "level2Password": null,
      "viewCount": 0,
      "createdAt": "2026-01-08T01:02:36.336Z",
      "updatedAt": "2026-01-08T01:02:36.336Z",
      "fields": [
        {
          "id": "cmk4qt92o0003m9581xq4ysle",
          "cardId": "cmk4qt92o0002m958hgxwk1z7",
          "groupId": null,
          "fieldType": "phone",
          "label": "İş Telefonu",
          "value": "+90 555 111 22 33",
          "privacyLevel": 0,
          "isActive": true,
          "displayOrder": 1,
          "createdAt": "2026-01-08T01:02:36.336Z"
        },
        {
          "id": "cmk4qt92o0004m95814703o0w",
          "cardId": "cmk4qt92o0002m958hgxwk1z7",
          "groupId": null,
          "fieldType": "email",
          "label": "E-posta",
          "value": "ceo@sirket.com",
          "privacyLevel": 0,
          "isActive": true,
          "displayOrder": 2,
          "createdAt": "2026-01-08T01:02:36.336Z"
        },
        {
          "id": "cmk4qt92o0005m9582wut9b3w",
          "cardId": "cmk4qt92o0002m958hgxwk1z7",
          "groupId": null,
          "fieldType": "linkedin",
          "label": "LinkedIn",
          "value": "linkedin.com/in/demo",
          "privacyLevel": 0,
          "isActive": true,
          "displayOrder": 3,
          "createdAt": "2026-01-08T01:02:36.336Z"
        },
        {
          "id": "cmk4qt92o0006m958403c8ugz",
          "cardId": "cmk4qt92o0002m958hgxwk1z7",
          "groupId": null,
          "fieldType": "website",
          "label": "Şirket Web",
          "value": "www.sirket.com",
          "privacyLevel": 0,
          "isActive": true,
          "displayOrder": 4,
          "createdAt": "2026-01-08T01:02:36.336Z"
        },
        {
          "id": "cmk4qt92o0007m958gori3ros",
          "cardId": "cmk4qt92o0002m958hgxwk1z7",
          "groupId": null,
          "fieldType": "custom",
          "label": "Ofis Adresi",
          "value": "Maslak Plaza, Kat: 42, İstanbul",
          "privacyLevel": 0,
          "isActive": true,
          "displayOrder": 5,
          "createdAt": "2026-01-08T01:02:36.336Z"
        }
      ]
    },
    {
      "id": "cmk4qt92y000fm958dznxvn78",
      "userId": "cmk4qt92j0000m958rhqr1kch",
      "tagId": null,
      "slug": "kaybolursam-tara",
      "cardType": "personal",
      "firstName": null,
      "lastName": null,
      "title": "Acil Durum (Çocuk)",
      "bio": "Merhaba, benim adım Can. Eğer kaybolmuşsam lütfen ailemi arayın.",
      "logoUrl": null,
      "avatarUrl": null,
      "theme": "playful",
      "isPublic": true,
      "level1Password": null,
      "level2Password": null,
      "viewCount": 1,
      "createdAt": "2026-01-08T01:02:36.346Z",
      "updatedAt": "2026-01-08T01:03:34.765Z",
      "fields": [
        {
          "id": "cmk4qt92y000gm958uhlswemk",
          "cardId": "cmk4qt92y000fm958dznxvn78",
          "groupId": null,
          "fieldType": "phone",
          "label": "ANNEMİ ARA",
          "value": "+90 555 999 88 77",
          "privacyLevel": 0,
          "isActive": true,
          "displayOrder": 1,
          "createdAt": "2026-01-08T01:02:36.346Z"
        },
        {
          "id": "cmk4qt92y000hm958j29tleol",
          "cardId": "cmk4qt92y000fm958dznxvn78",
          "groupId": null,
          "fieldType": "phone",
          "label": "BABAMI ARA",
          "value": "+90 555 999 88 66",
          "privacyLevel": 0,
          "isActive": true,
          "displayOrder": 2,
          "createdAt": "2026-01-08T01:02:36.346Z"
        },
        {
          "id": "cmk4qt92y000im958sce4063i",
          "cardId": "cmk4qt92y000fm958dznxvn78",
          "groupId": null,
          "fieldType": "custom",
          "label": "Kan Grubu",
          "value": "A Rh+",
          "privacyLevel": 0,
          "isActive": true,
          "displayOrder": 3,
          "createdAt": "2026-01-08T01:02:36.346Z"
        },
        {
          "id": "cmk4qt92y000jm958hvxu2qrw",
          "cardId": "cmk4qt92y000fm958dznxvn78",
          "groupId": null,
          "fieldType": "custom",
          "label": "Alerjiler",
          "value": "Fıstık alerjisi var!",
          "privacyLevel": 0,
          "isActive": true,
          "displayOrder": 4,
          "createdAt": "2026-01-08T01:02:36.346Z"
        }
      ]
    },
    {
      "id": "cmk4qt92u0009m958t7nc92ip",
      "userId": "cmk4qt92j0000m958rhqr1kch",
      "tagId": null,
      "slug": "social-vibes",
      "cardType": "personal",
      "firstName": null,
      "lastName": null,
      "title": "Sosyal Medya",
      "bio": null,
      "logoUrl": null,
      "avatarUrl": null,
      "theme": "modern",
      "isPublic": true,
      "level1Password": null,
      "level2Password": null,
      "viewCount": 1,
      "createdAt": "2026-01-08T01:02:36.342Z",
      "updatedAt": "2026-01-08T01:03:38.841Z",
      "fields": [
        {
          "id": "cmk4qt92u000am958azfwbxo6",
          "cardId": "cmk4qt92u0009m958t7nc92ip",
          "groupId": null,
          "fieldType": "instagram",
          "label": "Instagram",
          "value": "@demo_style",
          "privacyLevel": 0,
          "isActive": true,
          "displayOrder": 1,
          "createdAt": "2026-01-08T01:02:36.342Z"
        },
        {
          "id": "cmk4qt92u000bm9584gfx6key",
          "cardId": "cmk4qt92u0009m958t7nc92ip",
          "groupId": null,
          "fieldType": "twitter",
          "label": "X / Twitter",
          "value": "@demo_tweets",
          "privacyLevel": 0,
          "isActive": true,
          "displayOrder": 2,
          "createdAt": "2026-01-08T01:02:36.342Z"
        },
        {
          "id": "cmk4qt92u000cm958tt6jdmvr",
          "cardId": "cmk4qt92u0009m958t7nc92ip",
          "groupId": null,
          "fieldType": "custom",
          "label": "Spotify",
          "value": "spotify:playlist:123",
          "privacyLevel": 0,
          "isActive": true,
          "displayOrder": 3,
          "createdAt": "2026-01-08T01:02:36.342Z"
        },
        {
          "id": "cmk4qt92u000dm9583sq7pjcm",
          "cardId": "cmk4qt92u0009m958t7nc92ip",
          "groupId": null,
          "fieldType": "youtube",
          "label": "YouTube Kanalım",
          "value": "youtube.com/demo",
          "privacyLevel": 0,
          "isActive": true,
          "displayOrder": 4,
          "createdAt": "2026-01-08T01:02:36.342Z"
        }
      ]
    },
    {
      "id": "cmk4qt936000sm9584ajvfq1q",
      "userId": "cmk4qt92j0000m958rhqr1kch",
      "tagId": null,
      "slug": "gamer-tag",
      "cardType": "personal",
      "firstName": null,
      "lastName": null,
      "title": "Oyun Profili",
      "bio": null,
      "logoUrl": null,
      "avatarUrl": null,
      "theme": "cyberpunk",
      "isPublic": true,
      "level1Password": null,
      "level2Password": null,
      "viewCount": 3,
      "createdAt": "2026-01-08T01:02:36.354Z",
      "updatedAt": "2026-01-08T01:04:46.561Z",
      "fields": [
        {
          "id": "cmk4qt936000tm958a02ntlly",
          "cardId": "cmk4qt936000sm9584ajvfq1q",
          "groupId": null,
          "fieldType": "custom",
          "label": "Discord",
          "value": "GamerKing#1234",
          "privacyLevel": 0,
          "isActive": true,
          "displayOrder": 1,
          "createdAt": "2026-01-08T01:02:36.354Z"
        },
        {
          "id": "cmk4qt936000um958xxecwmil",
          "cardId": "cmk4qt936000sm9584ajvfq1q",
          "groupId": null,
          "fieldType": "custom",
          "label": "Steam ID",
          "value": "steamcommunity.com/id/gamer",
          "privacyLevel": 0,
          "isActive": true,
          "displayOrder": 2,
          "createdAt": "2026-01-08T01:02:36.354Z"
        },
        {
          "id": "cmk4qt936000vm958hi79shem",
          "cardId": "cmk4qt936000sm9584ajvfq1q",
          "groupId": null,
          "fieldType": "custom",
          "label": "Twitch",
          "value": "twitch.tv/gamer",
          "privacyLevel": 0,
          "isActive": true,
          "displayOrder": 3,
          "createdAt": "2026-01-08T01:02:36.354Z"
        }
      ]
    },
    {
      "id": "cmk4qt932000lm958miz8a0rd",
      "userId": "cmk4qt92j0000m958rhqr1kch",
      "tagId": null,
      "slug": "saglik-karti",
      "cardType": "personal",
      "firstName": null,
      "lastName": null,
      "title": "Sağlık Bilgileri",
      "bio": "Bu kart acil durumlarda sağlık personeli içindir.",
      "logoUrl": null,
      "avatarUrl": null,
      "theme": "medical",
      "isPublic": true,
      "level1Password": null,
      "level2Password": null,
      "viewCount": 3,
      "createdAt": "2026-01-08T01:02:36.351Z",
      "updatedAt": "2026-01-08T01:04:51.057Z",
      "fields": [
        {
          "id": "cmk4qt932000mm958zmxzlnx9",
          "cardId": "cmk4qt932000lm958miz8a0rd",
          "groupId": null,
          "fieldType": "custom",
          "label": "Ad Soyad",
          "value": "Ahmet Yılmaz (72)",
          "privacyLevel": 0,
          "isActive": true,
          "displayOrder": 1,
          "createdAt": "2026-01-08T01:02:36.351Z"
        },
        {
          "id": "cmk4qt932000nm958p7iznubr",
          "cardId": "cmk4qt932000lm958miz8a0rd",
          "groupId": null,
          "fieldType": "custom",
          "label": "Hastalıklar",
          "value": "Diyabet, Hipertansiyon",
          "privacyLevel": 0,
          "isActive": true,
          "displayOrder": 2,
          "createdAt": "2026-01-08T01:02:36.351Z"
        },
        {
          "id": "cmk4qt932000om958ho8lr3os",
          "cardId": "cmk4qt932000lm958miz8a0rd",
          "groupId": null,
          "fieldType": "custom",
          "label": "Kullanılan İlaçlar",
          "value": "İnsülin, Aspirin",
          "privacyLevel": 0,
          "isActive": true,
          "displayOrder": 3,
          "createdAt": "2026-01-08T01:02:36.351Z"
        },
        {
          "id": "cmk4qt932000pm9585xqea8ea",
          "cardId": "cmk4qt932000lm958miz8a0rd",
          "groupId": null,
          "fieldType": "phone",
          "label": "Oğlu (Acil)",
          "value": "+90 555 123 45 67",
          "privacyLevel": 0,
          "isActive": true,
          "displayOrder": 4,
          "createdAt": "2026-01-08T01:02:36.351Z"
        },
        {
          "id": "cmk4qt932000qm958qtsj0dkc",
          "cardId": "cmk4qt932000lm958miz8a0rd",
          "groupId": null,
          "fieldType": "custom",
          "label": "Hastane Dosya No",
          "value": "#12345678",
          "privacyLevel": 0,
          "isActive": true,
          "displayOrder": 5,
          "createdAt": "2026-01-08T01:02:36.351Z"
        }
      ]
    },
    {
      "id": "cmk4kidm90002m9gc14bbpq1q",
      "userId": "cmk4j8xh50000m9f0rawm1zfd",
      "tagId": null,
      "slug": "beyytullah",
      "cardType": "personal",
      "firstName": null,
      "lastName": null,
      "title": "Bilişim Teknolojileri Öğretmeni",
      "bio": "Eğitim Teknolojileri | Dijital İçerik Geliştirme | Yapay Zekâ ve Üretken Yapay Zekâ | NFC tabanlı sistemler | 3D üretim ve prototipleme",
      "logoUrl": "/uploads/logo/cmk4j8xh50000m9f0rawm1zfd-logo-1767833991882.png",
      "avatarUrl": "/uploads/avatar/cmk4j8xh50000m9f0rawm1zfd-avatar-1767833993813.jpg",
      "theme": "{\"color\":\"#2ecc71\",\"style\":\"modern\"}",
      "isPublic": true,
      "level1Password": null,
      "level2Password": null,
      "viewCount": 3,
      "createdAt": "2026-01-07T22:06:11.313Z",
      "updatedAt": "2026-01-08T01:00:02.251Z",
      "fields": [
        {
          "id": "cmk4qpwq6000km9042b25c14w",
          "cardId": "cmk4kidm90002m9gc14bbpq1q",
          "groupId": "cmk4qpwq4000jm904ni0490p6",
          "fieldType": "linkedin",
          "label": "LinkedIn",
          "value": "https://www.linkedin.com/in/beyytullah/",
          "privacyLevel": 0,
          "isActive": true,
          "displayOrder": 0,
          "createdAt": "2026-01-08T01:00:00.367Z"
        },
        {
          "id": "cmk4qpwq6000lm9046fyw7p28",
          "cardId": "cmk4kidm90002m9gc14bbpq1q",
          "groupId": "cmk4qpwq4000jm904ni0490p6",
          "fieldType": "github",
          "label": "GitHub",
          "value": "https://github.com/beyytullah1",
          "privacyLevel": 0,
          "isActive": true,
          "displayOrder": 1,
          "createdAt": "2026-01-08T01:00:00.367Z"
        },
        {
          "id": "cmk4qpwq6000mm904qvsjn6mu",
          "cardId": "cmk4kidm90002m9gc14bbpq1q",
          "groupId": "cmk4qpwq4000jm904ni0490p6",
          "fieldType": "instagram",
          "label": "Instagram",
          "value": "https://instagram.com/beyytullah",
          "privacyLevel": 0,
          "isActive": true,
          "displayOrder": 2,
          "createdAt": "2026-01-08T01:00:00.367Z"
        },
        {
          "id": "cmk4qpwq6000nm904h2xhfv1o",
          "cardId": "cmk4kidm90002m9gc14bbpq1q",
          "groupId": "cmk4qpwq4000jm904ni0490p6",
          "fieldType": "twitter",
          "label": "X (Twitter)",
          "value": "https://x.com/beyytullah",
          "privacyLevel": 0,
          "isActive": true,
          "displayOrder": 3,
          "createdAt": "2026-01-08T01:00:00.367Z"
        },
        {
          "id": "cmk4qpwq6000om904x0cteush",
          "cardId": "cmk4kidm90002m9gc14bbpq1q",
          "groupId": "cmk4qpwq4000jm904ni0490p6",
          "fieldType": "facebook",
          "label": "Facebook",
          "value": "https://facebook.com/beyytullah",
          "privacyLevel": 0,
          "isActive": true,
          "displayOrder": 4,
          "createdAt": "2026-01-08T01:00:00.367Z"
        },
        {
          "id": "cmk4qpwqa000rm904iqvimu40",
          "cardId": "cmk4kidm90002m9gc14bbpq1q",
          "groupId": "cmk4qpwq9000qm9040l67rpn5",
          "fieldType": "youtube",
          "label": "Akıllı Çiftlik",
          "value": "https://www.youtube.com/watch?v=_75Q0Y3wIAw",
          "privacyLevel": 0,
          "isActive": true,
          "displayOrder": 0,
          "createdAt": "2026-01-08T01:00:00.371Z"
        },
        {
          "id": "cmk4qpwqa000sm904gpioxhvq",
          "cardId": "cmk4kidm90002m9gc14bbpq1q",
          "groupId": "cmk4qpwq9000qm9040l67rpn5",
          "fieldType": "youtube",
          "label": "Akıllı Çiftlik Konuğu (5T5)",
          "value": "https://www.youtube.com/watch?v=TOVbMtTtdVc",
          "privacyLevel": 0,
          "isActive": true,
          "displayOrder": 1,
          "createdAt": "2026-01-08T01:00:00.371Z"
        },
        {
          "id": "cmk4qpwqa000tm904izm6xpes",
          "cardId": "cmk4kidm90002m9gc14bbpq1q",
          "groupId": "cmk4qpwq9000qm9040l67rpn5",
          "fieldType": "youtube",
          "label": "Ortaokullarda Akıllı Çiftlik Projesi",
          "value": "https://www.youtube.com/watch?v=F302yvbg-MI",
          "privacyLevel": 0,
          "isActive": true,
          "displayOrder": 2,
          "createdAt": "2026-01-08T01:00:00.371Z"
        },
        {
          "id": "cmk4qpwqf000wm904kio3jq6i",
          "cardId": "cmk4kidm90002m9gc14bbpq1q",
          "groupId": "cmk4qpwqd000vm9041o9xpywn",
          "fieldType": "email",
          "label": "MEB E-posta",
          "value": "beytullah.cicek@meb.gov.tr",
          "privacyLevel": 0,
          "isActive": true,
          "displayOrder": 0,
          "createdAt": "2026-01-08T01:00:00.376Z"
        },
        {
          "id": "cmk4qpwqf000xm9041i1fcax7",
          "cardId": "cmk4kidm90002m9gc14bbpq1q",
          "groupId": "cmk4qpwqd000vm9041o9xpywn",
          "fieldType": "email",
          "label": "Gmail",
          "value": "beyytullah@gmail.com",
          "privacyLevel": 0,
          "isActive": true,
          "displayOrder": 1,
          "createdAt": "2026-01-08T01:00:00.376Z"
        },
        {
          "id": "cmk4qpwqg000ym9041c8xm0zt",
          "cardId": "cmk4kidm90002m9gc14bbpq1q",
          "groupId": "cmk4qpwqd000vm9041o9xpywn",
          "fieldType": "email",
          "label": "Gmail (Alternatif)",
          "value": "beytullah41@gmail.com",
          "privacyLevel": 0,
          "isActive": true,
          "displayOrder": 2,
          "createdAt": "2026-01-08T01:00:00.376Z"
        },
        {
          "id": "cmk4qpwqg000zm904wp2wyxn0",
          "cardId": "cmk4kidm90002m9gc14bbpq1q",
          "groupId": "cmk4qpwqd000vm9041o9xpywn",
          "fieldType": "whatsapp",
          "label": "WhatsApp",
          "value": "https://wa.me/905434675587",
          "privacyLevel": 0,
          "isActive": true,
          "displayOrder": 3,
          "createdAt": "2026-01-08T01:00:00.376Z"
        }
      ]
    }
  ],
  "plants": [
    {
      "id": "cmk4qt939000xm958l6qmb420",
      "tagId": null,
      "ownerId": "cmk4qt92j0000m958rhqr1kch",
      "name": "Ofis Paşa Kılıcı",
      "species": "Sansevieria",
      "birthDate": null,
      "coverImageUrl": "https://images.unsplash.com/photo-1599598425947-738d046eb20a?w=400",
      "theme": "{\"style\": \"nature\"}",
      "isGift": false,
      "giftedById": null,
      "giftMessage": null,
      "privacyLevel": "public",
      "createdAt": "2026-01-08T01:02:36.358Z",
      "updatedAt": "2026-01-08T01:02:36.358Z",
      "logs": [
        {
          "id": "cmk4qt939000ym958wiclqbo5",
          "plantId": "cmk4qt939000xm958l6qmb420",
          "logType": "water",
          "amountMl": null,
          "content": "Bugün suladım, yaprakları sildim.",
          "imageUrl": null,
          "aiAnalysis": null,
          "createdAt": "2026-01-08T01:02:36.358Z"
        },
        {
          "id": "cmk4qt939000zm958io67w64x",
          "plantId": "cmk4qt939000xm958l6qmb420",
          "logType": "photo",
          "amountMl": null,
          "content": "Yeni yaprak veriyor!",
          "imageUrl": null,
          "aiAnalysis": null,
          "createdAt": "2026-01-08T01:02:36.358Z"
        }
      ]
    }
  ],
  "mugs": [
    {
      "id": "cmk4qt93g0011m9589y1ds1dg",
      "tagId": null,
      "ownerId": "cmk4qt92j0000m958rhqr1kch",
      "name": "Uğurlu Kupa",
      "theme": "dark",
      "createdAt": "2026-01-08T01:02:36.364Z",
      "logs": [
        {
          "id": "cmk4qt93g0012m958qmz8wm4s",
          "mugId": "cmk4qt93g0011m9589y1ds1dg",
          "logType": "coffee",
          "amountMl": 200,
          "note": null,
          "sharedWithFriends": true,
          "createdAt": "2026-01-08T01:02:36.364Z"
        },
        {
          "id": "cmk4qt93g0013m958ma4aljgi",
          "mugId": "cmk4qt93g0011m9589y1ds1dg",
          "logType": "water",
          "amountMl": 250,
          "note": null,
          "sharedWithFriends": true,
          "createdAt": "2026-01-08T01:02:36.364Z"
        },
        {
          "id": "cmk4qt93g0014m958q5e811j8",
          "mugId": "cmk4qt93g0011m9589y1ds1dg",
          "logType": "tea",
          "amountMl": 150,
          "note": null,
          "sharedWithFriends": true,
          "createdAt": "2026-01-08T01:02:36.364Z"
        }
      ]
    }
  ],
  "gifts": [
    {
      "id": "cmk4qt93m0016m958mq0e7pqt",
      "senderId": "cmk4qt92j0000m958rhqr1kch",
      "senderName": "En Yakın Arkadaşın",
      "receiverId": null,
      "tagId": null,
      "title": "Doğum Günün Kutlu Olsun!",
      "message": "Umarım yeni yaşın sana şans getirir. Seni seviyoruz!",
      "giftType": "generic",
      "mediaUrl": null,
      "spotifyUrl": "https://open.spotify.com/track/4cOdK2wGLETKBW3PvgPWqT",
      "password": "12345",
      "claimFormat": null,
      "claimedAsId": null,
      "isClaimed": false,
      "claimedAt": null,
      "createdAt": "2026-01-08T01:02:36.370Z",
      "updatedAt": "2026-01-08T01:04:23.700Z"
    },
    {
      "id": "cmk4qy9a80013m904u8qtykcc",
      "senderId": "cmk4qt92j0000m958rhqr1kch",
      "senderName": "vbnvbn",
      "receiverId": null,
      "tagId": "cmk4qy9a50011m904d4hk5xie",
      "title": "vbn",
      "message": "vbn",
      "giftType": "generic",
      "mediaUrl": null,
      "spotifyUrl": null,
      "password": "12345",
      "claimFormat": null,
      "claimedAsId": null,
      "isClaimed": false,
      "claimedAt": null,
      "createdAt": "2026-01-08T01:06:29.888Z",
      "updatedAt": "2026-01-08T01:06:29.888Z"
    }
  ],
  "pages": [],
  "connections": [],
  "notifications": []
}