Kod,URL,OlusturmaTarihi,Durum
JKrEr3oj9q,http://localhost:3000/JKrEr3oj9q,2026-01-01T01:00:07.911Z,unclaimed
QBgM0LHIrl,http://localhost:3000/QBgM0LHIrl,2026-01-01T01:00:07.911Z,unclaimed
Nei2gXO1H1,http://localhost:3000/Nei2gXO1H1,2026-01-01T01:00:07.911Z,unclaimed
MvsSfxB0Q7,http://localhost:3000/MvsSfxB0Q7,2026-01-01T01:00:07.911Z,unclaimed
fawMsZPg5N,http://localhost:3000/fawMsZPg5N,2026-01-01T01:00:07.911Z,unclaimed
ZT8qwfPGmx,http://localhost:3000/ZT8qwfPGmx,2026-01-01T01:00:07.911Z,unclaimed
BWArPyRrrN,http://localhost:3000/BWArPyRrrN,2026-01-01T01:00:07.911Z,unclaimed
7d1mU1xjoC,http://localhost:3000/7d1mU1xjoC,2026-01-01T01:00:07.911Z,unclaimed
HlqCSr58lC,http://localhost:3000/HlqCSr58lC,2026-01-01T01:00:07.911Z,unclaimed
KnELn2YYrR,http://localhost:3000/KnELn2YYrR,2026-01-01T01:00:07.911Z,unclaimed
aA9oRQTa4K,http://localhost:3000/aA9oRQTa4K,2026-01-01T01:00:07.911Z,unclaimed
M02U6Izuus,http://localhost:3000/M02U6Izuus,2026-01-01T01:00:07.911Z,unclaimed
ZPAWWRzIpr,http://localhost:3000/ZPAWWRzIpr,2026-01-01T01:00:07.911Z,unclaimed
UH1ZkTtnBh,http://localhost:3000/UH1ZkTtnBh,2026-01-01T01:00:07.911Z,unclaimed
5CE9A8ILEu,http://localhost:3000/5CE9A8ILEu,2026-01-01T01:00:07.911Z,unclaimed
EinNIOdOAj,http://localhost:3000/EinNIOdOAj,2026-01-01T01:00:07.911Z,unclaimed
d5qW3I7VOv,http://localhost:3000/d5qW3I7VOv,2026-01-01T01:00:07.911Z,unclaimed
7f9oqLEC3E,http://localhost:3000/7f9oqLEC3E,2026-01-01T01:00:07.911Z,unclaimed
1q7174k5MY,http://localhost:3000/1q7174k5MY,2026-01-01T01:00:07.911Z,unclaimed
ALWLm6Lnhe,http://localhost:3000/ALWLm6Lnhe,2026-01-01T01:00:07.911Z,unclaimed
ctPXPTcUbM,http://localhost:3000/ctPXPTcUbM,2026-01-01T01:00:07.911Z,unclaimed
3aXoTOueFZ,http://localhost:3000/3aXoTOueFZ,2026-01-01T01:00:07.911Z,unclaimed
w6PWyKMDeV,http://localhost:3000/w6PWyKMDeV,2026-01-01T01:00:07.911Z,unclaimed
5Cn3N8HBNe,http://localhost:3000/5Cn3N8HBNe,2026-01-01T01:00:07.911Z,unclaimed
RH4Vv8b9m8,http://localhost:3000/RH4Vv8b9m8,2026-01-01T01:00:07.911Z,unclaimed
r5wKelt2XI,http://localhost:3000/r5wKelt2XI,2026-01-01T01:00:07.911Z,unclaimed
xECy2BqmC2,http://localhost:3000/xECy2BqmC2,2026-01-01T01:00:07.911Z,unclaimed
wn8rcQbcNU,http://localhost:3000/wn8rcQbcNU,2026-01-01T01:00:07.911Z,unclaimed
OscPGwqYSi,http://localhost:3000/OscPGwqYSi,2026-01-01T01:00:07.911Z,unclaimed
wl08fE6NJI,http://localhost:3000/wl08fE6NJI,2026-01-01T01:00:07.911Z,unclaimed
dIiq8SvBGu,http://localhost:3000/dIiq8SvBGu,2026-01-01T01:00:07.911Z,unclaimed
2ANDCtb59T,http://localhost:3000/2ANDCtb59T,2026-01-01T01:00:07.911Z,unclaimed
JrMBsaSMIc,http://localhost:3000/JrMBsaSMIc,2026-01-01T01:00:07.911Z,unclaimed
DeZ8xkNfuO,http://localhost:3000/DeZ8xkNfuO,2026-01-01T01:00:07.911Z,unclaimed
UqmutX2pPA,http://localhost:3000/UqmutX2pPA,2026-01-01T01:00:07.911Z,unclaimed
ULjpb4Zq05,http://localhost:3000/ULjpb4Zq05,2026-01-01T01:00:07.911Z,unclaimed
6BCkdig7su,http://localhost:3000/6BCkdig7su,2026-01-01T01:00:07.911Z,unclaimed
Yh57IIh6LC,http://localhost:3000/Yh57IIh6LC,2026-01-01T01:00:07.911Z,unclaimed
yA2QxGawWN,http://localhost:3000/yA2QxGawWN,2026-01-01T01:00:07.911Z,unclaimed
Atc3vfR1at,http://localhost:3000/Atc3vfR1at,2026-01-01T01:00:07.911Z,unclaimed
3E3nPNgo7D,http://localhost:3000/3E3nPNgo7D,2026-01-01T01:00:07.911Z,unclaimed
RMK5KsDhko,http://localhost:3000/RMK5KsDhko,2026-01-01T01:00:07.911Z,unclaimed
Eba1dTVgnO,http://localhost:3000/Eba1dTVgnO,2026-01-01T01:00:07.911Z,unclaimed
Y6uiFsjE1y,http://localhost:3000/Y6uiFsjE1y,2026-01-01T01:00:07.911Z,unclaimed
Kl28BlheCz,http://localhost:3000/Kl28BlheCz,2026-01-01T01:00:07.911Z,unclaimed
YB1gQmoOEK,http://localhost:3000/YB1gQmoOEK,2026-01-01T01:00:07.911Z,unclaimed
nTFJiBsDB8,http://localhost:3000/nTFJiBsDB8,2026-01-01T01:00:07.911Z,unclaimed
NJsQsFm6gk,http://localhost:3000/NJsQsFm6gk,2026-01-01T01:00:07.911Z,unclaimed
0M25bTjltH,http://localhost:3000/0M25bTjltH,2026-01-01T01:00:07.911Z,unclaimed
AD5gpDWgO4,http://localhost:3000/AD5gpDWgO4,2026-01-01T01:00:07.911Z,unclaimed
jAJBgZ85BT,http://localhost:3000/jAJBgZ85BT,2026-01-01T01:00:07.911Z,unclaimed
nAKg59Q9GA,http://localhost:3000/nAKg59Q9GA,2026-01-01T01:00:07.911Z,unclaimed
sVxDQ8xRzX,http://localhost:3000/sVxDQ8xRzX,2026-01-01T01:00:07.911Z,unclaimed
mMhkNb8Va6,http://localhost:3000/mMhkNb8Va6,2026-01-01T01:00:07.911Z,unclaimed
UVmUkuiMcJ,http://localhost:3000/UVmUkuiMcJ,2026-01-01T01:00:07.911Z,unclaimed
fgYS6w9Q1U,http://localhost:3000/fgYS6w9Q1U,2026-01-01T01:00:07.911Z,unclaimed
8YQlMl4CpY,http://localhost:3000/8YQlMl4CpY,2026-01-01T01:00:07.911Z,unclaimed
lmQhjKJj7g,http://localhost:3000/lmQhjKJj7g,2026-01-01T01:00:07.911Z,unclaimed
csqHWS6Qhy,http://localhost:3000/csqHWS6Qhy,2026-01-01T01:00:07.911Z,unclaimed
i1uLqoy6j8,http://localhost:3000/i1uLqoy6j8,2026-01-01T01:00:07.911Z,unclaimed
A2yGg3UdXl,http://localhost:3000/A2yGg3UdXl,2026-01-01T01:00:07.911Z,unclaimed
M2VHgclegu,http://localhost:3000/M2VHgclegu,2026-01-01T01:00:07.911Z,unclaimed
XxVynM85r0,http://localhost:3000/XxVynM85r0,2026-01-01T01:00:07.911Z,unclaimed
VPJ04fECGm,http://localhost:3000/VPJ04fECGm,2026-01-01T01:00:07.911Z,unclaimed
pGIkI2Z7ey,http://localhost:3000/pGIkI2Z7ey,2026-01-01T01:00:07.911Z,unclaimed
TIYdaTOxpq,http://localhost:3000/TIYdaTOxpq,2026-01-01T01:00:07.911Z,unclaimed
WQg8STISVK,http://localhost:3000/WQg8STISVK,2026-01-01T01:00:07.911Z,unclaimed
rDWlHcmLoV,http://localhost:3000/rDWlHcmLoV,2026-01-01T01:00:07.911Z,unclaimed
fkveSBPpTz,http://localhost:3000/fkveSBPpTz,2026-01-01T01:00:07.911Z,unclaimed
9mLhqyPQfw,http://localhost:3000/9mLhqyPQfw,2026-01-01T01:00:07.911Z,unclaimed
pOf7CAQ5wb,http://localhost:3000/pOf7CAQ5wb,2026-01-01T01:00:07.911Z,unclaimed
THQkuF0RTD,http://localhost:3000/THQkuF0RTD,2026-01-01T01:00:07.911Z,unclaimed
a858kwCKCR,http://localhost:3000/a858kwCKCR,2026-01-01T01:00:07.911Z,unclaimed
fXMuXr8pqC,http://localhost:3000/fXMuXr8pqC,2026-01-01T01:00:07.911Z,unclaimed
dGSkueGiJe,http://localhost:3000/dGSkueGiJe,2026-01-01T01:00:07.911Z,unclaimed
45G4qQw5Se,http://localhost:3000/45G4qQw5Se,2026-01-01T01:00:07.911Z,unclaimed
ercimp2lCE,http://localhost:3000/ercimp2lCE,2026-01-01T01:00:07.911Z,unclaimed
YFiHapZ3qJ,http://localhost:3000/YFiHapZ3qJ,2026-01-01T01:00:07.911Z,unclaimed
b3CH8vTiXI,http://localhost:3000/b3CH8vTiXI,2026-01-01T01:00:07.911Z,unclaimed
3hpprKlU52,http://localhost:3000/3hpprKlU52,2026-01-01T01:00:07.911Z,unclaimed
TSUfuuSucy,http://localhost:3000/TSUfuuSucy,2026-01-01T01:00:07.911Z,unclaimed
sriVR2rzcl,http://localhost:3000/sriVR2rzcl,2026-01-01T01:00:07.911Z,unclaimed
AabXQG6Aj1,http://localhost:3000/AabXQG6Aj1,2026-01-01T01:00:07.911Z,unclaimed
hQWUQJKh9K,http://localhost:3000/hQWUQJKh9K,2026-01-01T01:00:07.911Z,unclaimed
a50oLVMJFb,http://localhost:3000/a50oLVMJFb,2026-01-01T01:00:07.911Z,unclaimed
e11j5909JP,http://localhost:3000/e11j5909JP,2026-01-01T01:00:07.911Z,unclaimed
eZNmebBnuR,http://localhost:3000/eZNmebBnuR,2026-01-01T01:00:07.911Z,unclaimed
jF4cpzeVEf,http://localhost:3000/jF4cpzeVEf,2026-01-01T01:00:07.911Z,unclaimed
PXQbYtnhPk,http://localhost:3000/PXQbYtnhPk,2026-01-01T01:00:07.911Z,unclaimed
2SxA79zlYp,http://localhost:3000/2SxA79zlYp,2026-01-01T01:00:07.911Z,unclaimed
kf745gPftJ,http://localhost:3000/kf745gPftJ,2026-01-01T01:00:07.911Z,unclaimed
UMygcQ1Moz,http://localhost:3000/UMygcQ1Moz,2026-01-01T01:00:07.911Z,unclaimed
ilrxrz6Guu,http://localhost:3000/ilrxrz6Guu,2026-01-01T01:00:07.911Z,unclaimed
R8ZDaFHy9W,http://localhost:3000/R8ZDaFHy9W,2026-01-01T01:00:07.911Z,unclaimed
1lVCS0SiY5,http://localhost:3000/1lVCS0SiY5,2026-01-01T01:00:07.911Z,unclaimed
npdaej6cwq,http://localhost:3000/npdaej6cwq,2026-01-01T01:00:07.911Z,unclaimed
jir71RW16m,http://localhost:3000/jir71RW16m,2026-01-01T01:00:07.911Z,unclaimed
12wYo5CzqA,http://localhost:3000/12wYo5CzqA,2026-01-01T01:00:07.911Z,unclaimed
6PmlXBUZXj,http://localhost:3000/6PmlXBUZXj,2026-01-01T01:00:07.911Z,unclaimed
fsBR7CpsHJ,http://localhost:3000/fsBR7CpsHJ,2026-01-01T01:00:07.911Z,unclaimed
0MAtJZzMda,http://localhost:3000/0MAtJZzMda,2026-01-01T01:00:07.911Z,unclaimed
H4BPrMXAKU,http://localhost:3000/H4BPrMXAKU,2026-01-01T01:00:07.911Z,unclaimed
lAcpzfkrA4,http://localhost:3000/lAcpzfkrA4,2026-01-01T01:00:07.911Z,unclaimed
701XeMFu8h,http://localhost:3000/701XeMFu8h,2026-01-01T01:00:07.911Z,unclaimed
35Ky5iYEw7,http://localhost:3000/35Ky5iYEw7,2026-01-01T01:00:07.911Z,unclaimed
vFYYqXRZyE,http://localhost:3000/vFYYqXRZyE,2026-01-01T01:00:07.911Z,unclaimed
k8oZy86Ko6,http://localhost:3000/k8oZy86Ko6,2026-01-01T01:00:07.911Z,unclaimed
3L1RjcgjUz,http://localhost:3000/3L1RjcgjUz,2026-01-01T01:00:07.911Z,unclaimed
P6VOW9Ci9P,http://localhost:3000/P6VOW9Ci9P,2026-01-01T01:00:07.911Z,unclaimed
Vvc6GK46m4,http://localhost:3000/Vvc6GK46m4,2026-01-01T01:00:07.911Z,unclaimed
PiRazscpHU,http://localhost:3000/PiRazscpHU,2026-01-01T01:00:07.911Z,unclaimed
ZJGHLuWPHg,http://localhost:3000/ZJGHLuWPHg,2026-01-01T01:00:07.911Z,unclaimed
FJGBUPp0J6,http://localhost:3000/FJGBUPp0J6,2026-01-01T01:00:07.911Z,unclaimed
bCK98KCyaR,http://localhost:3000/bCK98KCyaR,2026-01-01T01:00:07.911Z,unclaimed
mhYuLtlbCQ,http://localhost:3000/mhYuLtlbCQ,2026-01-01T01:00:07.911Z,unclaimed
ux0iPB0Xoy,http://localhost:3000/ux0iPB0Xoy,2026-01-01T01:00:07.911Z,unclaimed
Oumol9Ati2,http://localhost:3000/Oumol9Ati2,2026-01-01T01:00:07.911Z,unclaimed
HRk4DTRUIp,http://localhost:3000/HRk4DTRUIp,2026-01-01T01:00:07.911Z,unclaimed
QqYpnQqtuM,http://localhost:3000/QqYpnQqtuM,2026-01-01T01:00:07.911Z,unclaimed
yr59b0Do2k,http://localhost:3000/yr59b0Do2k,2026-01-01T01:00:07.911Z,unclaimed
lFFgv81KTg,http://localhost:3000/lFFgv81KTg,2026-01-01T01:00:07.911Z,unclaimed
slAMkz4tNi,http://localhost:3000/slAMkz4tNi,2026-01-01T01:00:07.911Z,unclaimed
n1yGRkguOY,http://localhost:3000/n1yGRkguOY,2026-01-01T01:00:07.911Z,unclaimed
DEh2Zz0skU,http://localhost:3000/DEh2Zz0skU,2026-01-01T01:00:07.911Z,unclaimed
XLgE42gMSq,http://localhost:3000/XLgE42gMSq,2026-01-01T01:00:07.911Z,unclaimed
YBnd7iezZn,http://localhost:3000/YBnd7iezZn,2026-01-01T01:00:07.911Z,unclaimed
Pe5k21Zcvb,http://localhost:3000/Pe5k21Zcvb,2026-01-01T01:00:07.911Z,unclaimed
DfVNOs8CN1,http://localhost:3000/DfVNOs8CN1,2026-01-01T01:00:07.911Z,unclaimed
k7HgpwC6nU,http://localhost:3000/k7HgpwC6nU,2026-01-01T01:00:07.911Z,unclaimed
hdFxISfRse,http://localhost:3000/hdFxISfRse,2026-01-01T01:00:07.911Z,unclaimed
ayQcl2Xf1t,http://localhost:3000/ayQcl2Xf1t,2026-01-01T01:00:07.911Z,unclaimed
Ai9RbsCQF3,http://localhost:3000/Ai9RbsCQF3,2026-01-01T01:00:07.911Z,unclaimed
QLvkKzz0dE,http://localhost:3000/QLvkKzz0dE,2026-01-01T01:00:07.911Z,unclaimed
7JIf5PpqXb,http://localhost:3000/7JIf5PpqXb,2026-01-01T01:00:07.911Z,unclaimed
NHSiobz4Q8,http://localhost:3000/NHSiobz4Q8,2026-01-01T01:00:07.911Z,unclaimed
ytbf4PVeyz,http://localhost:3000/ytbf4PVeyz,2026-01-01T01:00:07.911Z,unclaimed
9nWAyhdPEI,http://localhost:3000/9nWAyhdPEI,2026-01-01T01:00:07.911Z,unclaimed
XDQp8v1MQA,http://localhost:3000/XDQp8v1MQA,2026-01-01T01:00:07.911Z,unclaimed
kQwbQgwrPx,http://localhost:3000/kQwbQgwrPx,2026-01-01T01:00:07.911Z,unclaimed
Ddt68CGyk6,http://localhost:3000/Ddt68CGyk6,2026-01-01T01:00:07.911Z,unclaimed
4mPjBjHqBC,http://localhost:3000/4mPjBjHqBC,2026-01-01T01:00:07.911Z,unclaimed
npy4zpbFJT,http://localhost:3000/npy4zpbFJT,2026-01-01T01:00:07.911Z,unclaimed
gBdNj036Ku,http://localhost:3000/gBdNj036Ku,2026-01-01T01:00:07.911Z,unclaimed
56KvBGwL3r,http://localhost:3000/56KvBGwL3r,2026-01-01T01:00:07.911Z,unclaimed
szDvEIii9p,http://localhost:3000/szDvEIii9p,2026-01-01T01:00:07.911Z,unclaimed
m8b8HQ7949,http://localhost:3000/m8b8HQ7949,2026-01-01T01:00:07.911Z,unclaimed
wumqI8Mguw,http://localhost:3000/wumqI8Mguw,2026-01-01T01:00:07.911Z,unclaimed
kkREiCwXhI,http://localhost:3000/kkREiCwXhI,2026-01-01T01:00:07.911Z,unclaimed
giX6ahQMnu,http://localhost:3000/giX6ahQMnu,2026-01-01T01:00:07.911Z,unclaimed
A4Vvb9lMqh,http://localhost:3000/A4Vvb9lMqh,2026-01-01T01:00:07.911Z,unclaimed
wJiXgCLuPy,http://localhost:3000/wJiXgCLuPy,2026-01-01T01:00:07.911Z,unclaimed
HusGWsChYD,http://localhost:3000/HusGWsChYD,2026-01-01T01:00:07.911Z,unclaimed
DLtPVn5dLp,http://localhost:3000/DLtPVn5dLp,2026-01-01T01:00:07.911Z,unclaimed
BJBwBMtRHY,http://localhost:3000/BJBwBMtRHY,2026-01-01T01:00:07.911Z,unclaimed
wJA7ROuUFH,http://localhost:3000/wJA7ROuUFH,2026-01-01T01:00:07.911Z,unclaimed
diyMC7WlEq,http://localhost:3000/diyMC7WlEq,2026-01-01T01:00:07.911Z,unclaimed
8xPVHLZ9Mi,http://localhost:3000/8xPVHLZ9Mi,2026-01-01T01:00:07.911Z,unclaimed
JJW9joW716,http://localhost:3000/JJW9joW716,2026-01-01T01:00:07.911Z,unclaimed
q3L7zp5W0l,http://localhost:3000/q3L7zp5W0l,2026-01-01T01:00:07.911Z,unclaimed
1RQLZbBvaH,http://localhost:3000/1RQLZbBvaH,2026-01-01T01:00:07.911Z,unclaimed
Zpq4qv8j8M,http://localhost:3000/Zpq4qv8j8M,2026-01-01T01:00:07.911Z,unclaimed
BgCCumBP7f,http://localhost:3000/BgCCumBP7f,2026-01-01T01:00:07.911Z,unclaimed
s3ttU626xq,http://localhost:3000/s3ttU626xq,2026-01-01T01:00:07.911Z,unclaimed
tn4zHnaFmN,http://localhost:3000/tn4zHnaFmN,2026-01-01T01:00:07.911Z,unclaimed
CwrDlxAzsU,http://localhost:3000/CwrDlxAzsU,2026-01-01T01:00:07.911Z,unclaimed
riPRztXOQ5,http://localhost:3000/riPRztXOQ5,2026-01-01T01:00:07.911Z,unclaimed
Su0p1XQkry,http://localhost:3000/Su0p1XQkry,2026-01-01T01:00:07.911Z,unclaimed
7S3fD9pf4U,http://localhost:3000/7S3fD9pf4U,2026-01-01T01:00:07.911Z,unclaimed
EoFsSKw2p0,http://localhost:3000/EoFsSKw2p0,2026-01-01T01:00:07.911Z,unclaimed
pPWHSB6yqh,http://localhost:3000/pPWHSB6yqh,2026-01-01T01:00:07.911Z,unclaimed
Nvd56HFkeX,http://localhost:3000/Nvd56HFkeX,2026-01-01T01:00:07.911Z,unclaimed
n4UxcVsTFL,http://localhost:3000/n4UxcVsTFL,2026-01-01T01:00:07.911Z,unclaimed
1RRpHvsgFz,http://localhost:3000/1RRpHvsgFz,2026-01-01T01:00:07.911Z,unclaimed
ydabpHAF65,http://localhost:3000/ydabpHAF65,2026-01-01T01:00:07.911Z,unclaimed
10Xm2i8f1x,http://localhost:3000/10Xm2i8f1x,2026-01-01T01:00:07.911Z,unclaimed
0swUhhRmKZ,http://localhost:3000/0swUhhRmKZ,2026-01-01T01:00:07.911Z,unclaimed
5rpohEfnSt,http://localhost:3000/5rpohEfnSt,2026-01-01T01:00:07.911Z,unclaimed
wySH9c4mYW,http://localhost:3000/wySH9c4mYW,2026-01-01T01:00:07.911Z,unclaimed
rwdz7kLU8f,http://localhost:3000/rwdz7kLU8f,2026-01-01T01:00:07.911Z,unclaimed
BYSxpsIrW6,http://localhost:3000/BYSxpsIrW6,2026-01-01T01:00:07.911Z,unclaimed
rFA0hfzxij,http://localhost:3000/rFA0hfzxij,2026-01-01T01:00:07.911Z,unclaimed
uEZAFc34iK,http://localhost:3000/uEZAFc34iK,2026-01-01T01:00:07.911Z,unclaimed
8DUAtM6JA3,http://localhost:3000/8DUAtM6JA3,2026-01-01T01:00:07.911Z,unclaimed
xy7sdf67df,http://localhost:3000/xy7sdf67df,2026-01-01T01:00:07.911Z,unclaimed
L37SC6XGXF,http://localhost:3000/L37SC6XGXF,2026-01-01T01:00:07.911Z,unclaimed
xJ1Bz3gS3Q,http://localhost:3000/xJ1Bz3gS3Q,2026-01-01T01:00:07.911Z,unclaimed
JgkZI7uj00,http://localhost:3000/JgkZI7uj00,2026-01-01T01:00:07.911Z,unclaimed
qrADqdV2I9,http://localhost:3000/qrADqdV2I9,2026-01-01T01:00:07.911Z,unclaimed
Nutn20r15y,http://localhost:3000/Nutn20r15y,2026-01-01T01:00:07.911Z,unclaimed
D2vWazSAdH,http://localhost:3000/D2vWazSAdH,2026-01-01T01:00:07.911Z,unclaimed
nAMV9vNcmN,http://localhost:3000/nAMV9vNcmN,2026-01-01T01:00:07.911Z,unclaimed
qfCbRbPe82,http://localhost:3000/qfCbRbPe82,2026-01-01T01:00:07.911Z,unclaimed
kTDSVMObFG,http://localhost:3000/kTDSVMObFG,2026-01-01T01:00:07.911Z,unclaimed
ioGrVBIZtc,http://localhost:3000/ioGrVBIZtc,2026-01-01T01:00:07.911Z,unclaimed
DFZ6VgrsRI,http://localhost:3000/DFZ6VgrsRI,2026-01-01T01:00:07.911Z,unclaimed
PJ60eQHfMB,http://localhost:3000/PJ60eQHfMB,2026-01-01T01:00:07.911Z,unclaimed
SqhAvrvVQm,http://localhost:3000/SqhAvrvVQm,2026-01-01T01:00:07.911Z,unclaimed
A3RoMdAv0w,http://localhost:3000/A3RoMdAv0w,2026-01-01T01:00:07.911Z,unclaimed
klMdeo2yzN,http://localhost:3000/klMdeo2yzN,2026-01-01T01:00:07.911Z,unclaimed
kh2Onteflu,http://localhost:3000/kh2Onteflu,2026-01-01T01:00:07.911Z,unclaimed
KoZ6dmVsMV,http://localhost:3000/KoZ6dmVsMV,2026-01-01T01:00:07.911Z,unclaimed
48TBC2Tbbx,http://localhost:3000/48TBC2Tbbx,2026-01-01T01:00:07.911Z,unclaimed
H7wDPWCivn,http://localhost:3000/H7wDPWCivn,2026-01-01T01:00:07.911Z,unclaimed
XZ7HZ7qU6I,http://localhost:3000/XZ7HZ7qU6I,2026-01-01T01:00:07.911Z,unclaimed
jkrYk8RWHb,http://localhost:3000/jkrYk8RWHb,2026-01-01T01:00:07.911Z,unclaimed
fX0WyKBMNL,http://localhost:3000/fX0WyKBMNL,2026-01-01T01:00:07.911Z,unclaimed
ZRgTHRQftp,http://localhost:3000/ZRgTHRQftp,2026-01-01T01:00:07.911Z,unclaimed
EYhQ1Ug4ji,http://localhost:3000/EYhQ1Ug4ji,2026-01-01T01:00:07.911Z,unclaimed
18NGLMZvLg,http://localhost:3000/18NGLMZvLg,2026-01-01T01:00:07.911Z,unclaimed
9BXXvMrQ6I,http://localhost:3000/9BXXvMrQ6I,2026-01-01T01:00:07.911Z,unclaimed
zpq1KA4fVE,http://localhost:3000/zpq1KA4fVE,2026-01-01T01:00:07.911Z,unclaimed
YlANkwsWZ5,http://localhost:3000/YlANkwsWZ5,2026-01-01T01:00:07.911Z,unclaimed
qMnWJOQjMg,http://localhost:3000/qMnWJOQjMg,2026-01-01T01:00:07.911Z,unclaimed
PsDlluuMSa,http://localhost:3000/PsDlluuMSa,2026-01-01T01:00:07.911Z,unclaimed
vJa3LIp2c1,http://localhost:3000/vJa3LIp2c1,2026-01-01T01:00:07.911Z,unclaimed
kfU7j0Q2JO,http://localhost:3000/kfU7j0Q2JO,2026-01-01T01:00:07.911Z,unclaimed
9FdmazNUxX,http://localhost:3000/9FdmazNUxX,2026-01-01T01:00:07.911Z,unclaimed
6LTGrZesuY,http://localhost:3000/6LTGrZesuY,2026-01-01T01:00:07.911Z,unclaimed
7Dab5u7Vue,http://localhost:3000/7Dab5u7Vue,2026-01-01T01:00:07.911Z,unclaimed
xXt0XLCSUB,http://localhost:3000/xXt0XLCSUB,2026-01-01T01:00:07.911Z,unclaimed
x2hGJgDByH,http://localhost:3000/x2hGJgDByH,2026-01-01T01:00:07.911Z,unclaimed
jYHY0QIMja,http://localhost:3000/jYHY0QIMja,2026-01-01T01:00:07.911Z,unclaimed
By586jGxPQ,http://localhost:3000/By586jGxPQ,2026-01-01T01:00:07.911Z,unclaimed
IlR48w5ecW,http://localhost:3000/IlR48w5ecW,2026-01-01T01:00:07.911Z,unclaimed
N26PVY8kxt,http://localhost:3000/N26PVY8kxt,2026-01-01T01:00:07.911Z,unclaimed
BjrSS0KAy2,http://localhost:3000/BjrSS0KAy2,2026-01-01T01:00:07.911Z,unclaimed
s69hTXMCGT,http://localhost:3000/s69hTXMCGT,2026-01-01T01:00:07.911Z,unclaimed
lyKu8Zxj36,http://localhost:3000/lyKu8Zxj36,2026-01-01T01:00:07.911Z,unclaimed
piRhvwLwAq,http://localhost:3000/piRhvwLwAq,2026-01-01T01:00:07.911Z,unclaimed
DSPvAyb1E7,http://localhost:3000/DSPvAyb1E7,2026-01-01T01:00:07.911Z,unclaimed
uv8Yrfm1LL,http://localhost:3000/uv8Yrfm1LL,2026-01-01T01:00:07.911Z,unclaimed
SoV6BNfki4,http://localhost:3000/SoV6BNfki4,2026-01-01T01:00:07.911Z,unclaimed
RJWaujPTch,http://localhost:3000/RJWaujPTch,2026-01-01T01:00:07.911Z,unclaimed
WPSgwswmgE,http://localhost:3000/WPSgwswmgE,2026-01-01T01:00:07.911Z,unclaimed
kznMdAEiNE,http://localhost:3000/kznMdAEiNE,2026-01-01T01:00:07.911Z,unclaimed
dEKoT13fd1,http://localhost:3000/dEKoT13fd1,2026-01-01T01:00:07.911Z,unclaimed
57Xanqd836,http://localhost:3000/57Xanqd836,2026-01-01T01:00:07.911Z,unclaimed
pCFt1IKgQW,http://localhost:3000/pCFt1IKgQW,2026-01-01T01:00:07.911Z,unclaimed
pkkIoXLLTh,http://localhost:3000/pkkIoXLLTh,2026-01-01T01:00:07.911Z,unclaimed
Kd1avV4E5P,http://localhost:3000/Kd1avV4E5P,2026-01-01T01:00:07.911Z,unclaimed
YxKE35udru,http://localhost:3000/YxKE35udru,2026-01-01T01:00:07.911Z,unclaimed
XYH9ctDpc4,http://localhost:3000/XYH9ctDpc4,2026-01-01T01:00:07.911Z,unclaimed
XBp2PyKHHM,http://localhost:3000/XBp2PyKHHM,2026-01-01T01:00:07.911Z,unclaimed
qXxrebSaFO,http://localhost:3000/qXxrebSaFO,2026-01-01T01:00:07.911Z,unclaimed
pdzbZT0YXm,http://localhost:3000/pdzbZT0YXm,2026-01-01T01:00:07.911Z,unclaimed
gu6IjPUELn,http://localhost:3000/gu6IjPUELn,2026-01-01T01:00:07.911Z,unclaimed
T20KwtuXT1,http://localhost:3000/T20KwtuXT1,2026-01-01T01:00:07.911Z,unclaimed
XzIxlK5caI,http://localhost:3000/XzIxlK5caI,2026-01-01T01:00:07.911Z,unclaimed
k8jLAONyXq,http://localhost:3000/k8jLAONyXq,2026-01-01T01:00:07.911Z,unclaimed
pvgoq4MnPP,http://localhost:3000/pvgoq4MnPP,2026-01-01T01:00:07.911Z,unclaimed
T8czVVj9UM,http://localhost:3000/T8czVVj9UM,2026-01-01T01:00:07.911Z,unclaimed
PRevUikaa0,http://localhost:3000/PRevUikaa0,2026-01-01T01:00:07.911Z,unclaimed
ZIVqiQ59fp,http://localhost:3000/ZIVqiQ59fp,2026-01-01T01:00:07.911Z,unclaimed
d7zSV3NMHG,http://localhost:3000/d7zSV3NMHG,2026-01-01T01:00:07.911Z,unclaimed
JjnsVqMwEq,http://localhost:3000/JjnsVqMwEq,2026-01-01T01:00:07.911Z,unclaimed
e4SZKSdAmj,http://localhost:3000/e4SZKSdAmj,2026-01-01T01:00:07.911Z,unclaimed
vdUUnhPLU3,http://localhost:3000/vdUUnhPLU3,2026-01-01T01:00:07.911Z,unclaimed
eYtcmrOuXl,http://localhost:3000/eYtcmrOuXl,2026-01-01T01:00:07.911Z,unclaimed
arL4uzgEhL,http://localhost:3000/arL4uzgEhL,2026-01-01T01:00:07.911Z,unclaimed
cQWDTIrUqH,http://localhost:3000/cQWDTIrUqH,2026-01-01T01:00:07.911Z,unclaimed
6J1GuxunI8,http://localhost:3000/6J1GuxunI8,2026-01-01T01:00:07.911Z,unclaimed
utaNJ0WXnt,http://localhost:3000/utaNJ0WXnt,2026-01-01T01:00:07.911Z,unclaimed
ka0t8HkWot,http://localhost:3000/ka0t8HkWot,2026-01-01T01:00:07.911Z,unclaimed
tuSh3f3Hnv,http://localhost:3000/tuSh3f3Hnv,2026-01-01T01:00:07.911Z,unclaimed
qjBeWHNw6w,http://localhost:3000/qjBeWHNw6w,2026-01-01T01:00:07.911Z,unclaimed
gYS74CpHzd,http://localhost:3000/gYS74CpHzd,2026-01-01T01:00:07.911Z,unclaimed
BPgRs4Tv0s,http://localhost:3000/BPgRs4Tv0s,2026-01-01T01:00:07.911Z,unclaimed
czfucuq7Fo,http://localhost:3000/czfucuq7Fo,2026-01-01T01:00:07.911Z,unclaimed
XxlA5qzRIY,http://localhost:3000/XxlA5qzRIY,2026-01-01T01:00:07.911Z,unclaimed
DOa6JM02fD,http://localhost:3000/DOa6JM02fD,2026-01-01T01:00:07.911Z,unclaimed
hWhHNqsHH0,http://localhost:3000/hWhHNqsHH0,2026-01-01T01:00:07.911Z,unclaimed
d67Hl84v4X,http://localhost:3000/d67Hl84v4X,2026-01-01T01:00:07.911Z,unclaimed
3UL11FBjxp,http://localhost:3000/3UL11FBjxp,2026-01-01T01:00:07.911Z,unclaimed
03dNj20e4d,http://localhost:3000/03dNj20e4d,2026-01-01T01:00:07.911Z,unclaimed
aqHTBWnc7M,http://localhost:3000/aqHTBWnc7M,2026-01-01T01:00:07.911Z,unclaimed
yZl5muWFqA,http://localhost:3000/yZl5muWFqA,2026-01-01T01:00:07.911Z,unclaimed
Fvbv7x39EK,http://localhost:3000/Fvbv7x39EK,2026-01-01T01:00:07.911Z,unclaimed
We97oodBvX,http://localhost:3000/We97oodBvX,2026-01-01T01:00:07.911Z,unclaimed
tPTEH7eCTx,http://localhost:3000/tPTEH7eCTx,2026-01-01T01:00:07.911Z,unclaimed
r10OALhYvA,http://localhost:3000/r10OALhYvA,2026-01-01T01:00:07.911Z,unclaimed
aXD2Itvarf,http://localhost:3000/aXD2Itvarf,2026-01-01T01:00:07.911Z,unclaimed
0OKfbEc1Zg,http://localhost:3000/0OKfbEc1Zg,2026-01-01T01:00:07.911Z,unclaimed
pqOntQ65pm,http://localhost:3000/pqOntQ65pm,2026-01-01T01:00:07.911Z,unclaimed
iSmBOduPCh,http://localhost:3000/iSmBOduPCh,2026-01-01T01:00:07.911Z,unclaimed
MRhtCFKxWX,http://localhost:3000/MRhtCFKxWX,2026-01-01T01:00:07.911Z,unclaimed
2KVFoGlFVX,http://localhost:3000/2KVFoGlFVX,2026-01-01T01:00:07.911Z,unclaimed
YF3MZKM78N,http://localhost:3000/YF3MZKM78N,2026-01-01T01:00:07.911Z,unclaimed
UPCxb13qd0,http://localhost:3000/UPCxb13qd0,2026-01-01T01:00:07.911Z,unclaimed
oAcBz3NDzr,http://localhost:3000/oAcBz3NDzr,2026-01-01T01:00:07.911Z,unclaimed
451n5EmVo1,http://localhost:3000/451n5EmVo1,2026-01-01T01:00:07.911Z,unclaimed
9YFI4CAk26,http://localhost:3000/9YFI4CAk26,2026-01-01T01:00:07.911Z,unclaimed
8X5Afk5wqe,http://localhost:3000/8X5Afk5wqe,2026-01-01T01:00:07.911Z,unclaimed
lbdlahPZxS,http://localhost:3000/lbdlahPZxS,2026-01-01T01:00:07.911Z,unclaimed
s57DP0FDXR,http://localhost:3000/s57DP0FDXR,2026-01-01T01:00:07.911Z,unclaimed
yVY3f5Ynzh,http://localhost:3000/yVY3f5Ynzh,2026-01-01T01:00:07.911Z,unclaimed
dGPdckWRl6,http://localhost:3000/dGPdckWRl6,2026-01-01T01:00:07.911Z,unclaimed
lkJNklZnTb,http://localhost:3000/lkJNklZnTb,2026-01-01T01:00:07.911Z,unclaimed
KSG0JWagrz,http://localhost:3000/KSG0JWagrz,2026-01-01T01:00:07.911Z,unclaimed
SHNg1LPCrh,http://localhost:3000/SHNg1LPCrh,2026-01-01T01:00:07.911Z,unclaimed
uzDkiSCbgp,http://localhost:3000/uzDkiSCbgp,2026-01-01T01:00:07.911Z,unclaimed
uroBg1Kvqq,http://localhost:3000/uroBg1Kvqq,2026-01-01T01:00:07.911Z,unclaimed
HET37eqXQR,http://localhost:3000/HET37eqXQR,2026-01-01T01:00:07.911Z,unclaimed
hfFY7bvmpT,http://localhost:3000/hfFY7bvmpT,2026-01-01T01:00:07.911Z,unclaimed
0vKVT3DLsl,http://localhost:3000/0vKVT3DLsl,2026-01-01T01:00:07.911Z,unclaimed
8BqdNcN9tG,http://localhost:3000/8BqdNcN9tG,2026-01-01T01:00:07.911Z,unclaimed
bFjfW2TJ95,http://localhost:3000/bFjfW2TJ95,2026-01-01T01:00:07.911Z,unclaimed
3chofsXpJY,http://localhost:3000/3chofsXpJY,2026-01-01T01:00:07.911Z,unclaimed
Ynoa2UKDkw,http://localhost:3000/Ynoa2UKDkw,2026-01-01T01:00:07.911Z,unclaimed
T5aNOSMfyU,http://localhost:3000/T5aNOSMfyU,2026-01-01T01:00:07.911Z,unclaimed
145WIRg4RY,http://localhost:3000/145WIRg4RY,2026-01-01T01:00:07.911Z,unclaimed
YR7T7Pwtkc,http://localhost:3000/YR7T7Pwtkc,2026-01-01T01:00:07.911Z,unclaimed
Kje8eoi9Tb,http://localhost:3000/Kje8eoi9Tb,2026-01-01T01:00:07.911Z,unclaimed
oWAsGvdqT7,http://localhost:3000/oWAsGvdqT7,2026-01-01T01:00:07.911Z,unclaimed
YyjsvgELEe,http://localhost:3000/YyjsvgELEe,2026-01-01T01:00:07.911Z,unclaimed
vnRSGEErqH,http://localhost:3000/vnRSGEErqH,2026-01-01T01:00:07.911Z,unclaimed
ZK6qr6Quia,http://localhost:3000/ZK6qr6Quia,2026-01-01T01:00:07.911Z,unclaimed
TmQgHAptao,http://localhost:3000/TmQgHAptao,2026-01-01T01:00:07.911Z,unclaimed
UPaOjIiKit,http://localhost:3000/UPaOjIiKit,2026-01-01T01:00:07.911Z,unclaimed
FVf3T5RXbT,http://localhost:3000/FVf3T5RXbT,2026-01-01T01:00:07.911Z,unclaimed
tgEWke15j4,http://localhost:3000/tgEWke15j4,2026-01-01T01:00:07.911Z,unclaimed
qZRn8epLNB,http://localhost:3000/qZRn8epLNB,2026-01-01T01:00:07.911Z,unclaimed
0pNScfVBs6,http://localhost:3000/0pNScfVBs6,2026-01-01T01:00:07.911Z,unclaimed
iWF1QlrMNy,http://localhost:3000/iWF1QlrMNy,2026-01-01T01:00:07.911Z,unclaimed
xdeDKpO5vS,http://localhost:3000/xdeDKpO5vS,2026-01-01T01:00:07.911Z,unclaimed
0BVuDVVWh1,http://localhost:3000/0BVuDVVWh1,2026-01-01T01:00:07.911Z,unclaimed
lOf5NRFTvO,http://localhost:3000/lOf5NRFTvO,2026-01-01T01:00:07.911Z,unclaimed
5XsVRyjQ2M,http://localhost:3000/5XsVRyjQ2M,2026-01-01T01:00:07.911Z,unclaimed
cq4adcVr0h,http://localhost:3000/cq4adcVr0h,2026-01-01T01:00:07.911Z,unclaimed
EpyDLrZyuW,http://localhost:3000/EpyDLrZyuW,2026-01-01T01:00:07.911Z,unclaimed
l2zrrr4eCD,http://localhost:3000/l2zrrr4eCD,2026-01-01T01:00:07.911Z,unclaimed
B4Yu1j2I7y,http://localhost:3000/B4Yu1j2I7y,2026-01-01T01:00:07.911Z,unclaimed
sUWj2t9hQc,http://localhost:3000/sUWj2t9hQc,2026-01-01T01:00:07.911Z,unclaimed
j4TPqu8p4W,http://localhost:3000/j4TPqu8p4W,2026-01-01T01:00:07.911Z,unclaimed
K1MzHREbzz,http://localhost:3000/K1MzHREbzz,2026-01-01T01:00:07.911Z,unclaimed
VoDBzGDuzp,http://localhost:3000/VoDBzGDuzp,2026-01-01T01:00:07.911Z,unclaimed
nmKS8LPSa9,http://localhost:3000/nmKS8LPSa9,2026-01-01T01:00:07.911Z,unclaimed
gZJ8IwBpJP,http://localhost:3000/gZJ8IwBpJP,2026-01-01T01:00:07.911Z,unclaimed
rghiN1UAGz,http://localhost:3000/rghiN1UAGz,2026-01-01T01:00:07.911Z,unclaimed
zZRZeUaLn1,http://localhost:3000/zZRZeUaLn1,2026-01-01T01:00:07.911Z,unclaimed
4FNCEGphd2,http://localhost:3000/4FNCEGphd2,2026-01-01T01:00:07.911Z,unclaimed
Z5An5paqv0,http://localhost:3000/Z5An5paqv0,2026-01-01T01:00:07.911Z,unclaimed
Sffx2lNawy,http://localhost:3000/Sffx2lNawy,2026-01-01T01:00:07.911Z,unclaimed
sXhgxzpMw5,http://localhost:3000/sXhgxzpMw5,2026-01-01T01:00:07.911Z,unclaimed
2n4vt0F4Pf,http://localhost:3000/2n4vt0F4Pf,2026-01-01T01:00:07.911Z,unclaimed
DnwI6G9HWb,http://localhost:3000/DnwI6G9HWb,2026-01-01T01:00:07.911Z,unclaimed
dXuu8fZwrq,http://localhost:3000/dXuu8fZwrq,2026-01-01T01:00:07.911Z,unclaimed
ewywOoXgkV,http://localhost:3000/ewywOoXgkV,2026-01-01T01:00:07.911Z,unclaimed
FaMIpdKeQp,http://localhost:3000/FaMIpdKeQp,2026-01-01T01:00:07.911Z,unclaimed
mh3gYQaZrf,http://localhost:3000/mh3gYQaZrf,2026-01-01T01:00:07.911Z,unclaimed
rWOSulmYSH,http://localhost:3000/rWOSulmYSH,2026-01-01T01:00:07.911Z,unclaimed
XcnoWH8dhp,http://localhost:3000/XcnoWH8dhp,2026-01-01T01:00:07.911Z,unclaimed
5XCnAeGQKu,http://localhost:3000/5XCnAeGQKu,2026-01-01T01:00:07.911Z,unclaimed
o2carTI1m1,http://localhost:3000/o2carTI1m1,2026-01-01T01:00:07.911Z,unclaimed
y8pS8wJD8O,http://localhost:3000/y8pS8wJD8O,2026-01-01T01:00:07.911Z,unclaimed
5zkJx1Wlzn,http://localhost:3000/5zkJx1Wlzn,2026-01-01T01:00:07.911Z,unclaimed
OBxsyUaaaa,http://localhost:3000/OBxsyUaaaa,2026-01-01T01:00:07.911Z,unclaimed
O3xyQAJxTp,http://localhost:3000/O3xyQAJxTp,2026-01-01T01:00:07.911Z,unclaimed
NG2DzpiwUr,http://localhost:3000/NG2DzpiwUr,2026-01-01T01:00:07.911Z,unclaimed
adeiFb7YFO,http://localhost:3000/adeiFb7YFO,2026-01-01T01:00:07.911Z,unclaimed
PQpxW23s1w,http://localhost:3000/PQpxW23s1w,2026-01-01T01:00:07.911Z,unclaimed
rM2uJcnDxH,http://localhost:3000/rM2uJcnDxH,2026-01-01T01:00:07.911Z,unclaimed
XBujwph5PX,http://localhost:3000/XBujwph5PX,2026-01-01T01:00:07.911Z,unclaimed
4ZtzK1Ttzu,http://localhost:3000/4ZtzK1Ttzu,2026-01-01T01:00:07.911Z,unclaimed
e8GKYMxbf7,http://localhost:3000/e8GKYMxbf7,2026-01-01T01:00:07.911Z,unclaimed
55E04OqxaP,http://localhost:3000/55E04OqxaP,2026-01-01T01:00:07.911Z,unclaimed
JGUYlgmNL2,http://localhost:3000/JGUYlgmNL2,2026-01-01T01:00:07.911Z,unclaimed
i232o0ZuMG,http://localhost:3000/i232o0ZuMG,2026-01-01T01:00:07.911Z,unclaimed
jHIsvQxMy3,http://localhost:3000/jHIsvQxMy3,2026-01-01T01:00:07.911Z,unclaimed
ryBmpsnyKe,http://localhost:3000/ryBmpsnyKe,2026-01-01T01:00:07.911Z,unclaimed
yuhztjDfuu,http://localhost:3000/yuhztjDfuu,2026-01-01T01:00:07.911Z,unclaimed
RaV6E3m9BS,http://localhost:3000/RaV6E3m9BS,2026-01-01T01:00:07.911Z,unclaimed
6jyRdVp6e5,http://localhost:3000/6jyRdVp6e5,2026-01-01T01:00:07.911Z,unclaimed
OYRyHpPzGB,http://localhost:3000/OYRyHpPzGB,2026-01-01T01:00:07.911Z,unclaimed
ap12xYhQjj,http://localhost:3000/ap12xYhQjj,2026-01-01T01:00:07.911Z,unclaimed
Mv2FvK7bBL,http://localhost:3000/Mv2FvK7bBL,2026-01-01T01:00:07.911Z,unclaimed
BiyXu6FtHd,http://localhost:3000/BiyXu6FtHd,2026-01-01T01:00:07.911Z,unclaimed
TjtkBmE6eS,http://localhost:3000/TjtkBmE6eS,2026-01-01T01:00:07.911Z,unclaimed
GRUpg0EHSL,http://localhost:3000/GRUpg0EHSL,2026-01-01T01:00:07.911Z,unclaimed
Lmt9rogIOy,http://localhost:3000/Lmt9rogIOy,2026-01-01T01:00:07.911Z,unclaimed
ZetFwAVdeg,http://localhost:3000/ZetFwAVdeg,2026-01-01T01:00:07.911Z,unclaimed
Jm7HJo9uJJ,http://localhost:3000/Jm7HJo9uJJ,2026-01-01T01:00:07.911Z,unclaimed
SW8gEDataX,http://localhost:3000/SW8gEDataX,2026-01-01T01:00:07.911Z,unclaimed
WDn9LyKSVo,http://localhost:3000/WDn9LyKSVo,2026-01-01T01:00:07.911Z,unclaimed
tHFRLTEuqE,http://localhost:3000/tHFRLTEuqE,2026-01-01T01:00:07.911Z,unclaimed
zfvJmKbK4W,http://localhost:3000/zfvJmKbK4W,2026-01-01T01:00:07.911Z,unclaimed
3v9Qfezxul,http://localhost:3000/3v9Qfezxul,2026-01-01T01:00:07.911Z,unclaimed
TtkBezsnBU,http://localhost:3000/TtkBezsnBU,2026-01-01T01:00:07.911Z,unclaimed
yMwi1G1Lok,http://localhost:3000/yMwi1G1Lok,2026-01-01T01:00:07.911Z,unclaimed
WkolnA1kgj,http://localhost:3000/WkolnA1kgj,2026-01-01T01:00:07.911Z,unclaimed
4bICLflOGW,http://localhost:3000/4bICLflOGW,2026-01-01T01:00:07.911Z,unclaimed
okZVexG3TU,http://localhost:3000/okZVexG3TU,2026-01-01T01:00:07.911Z,unclaimed
bPk8hRbEuU,http://localhost:3000/bPk8hRbEuU,2026-01-01T01:00:07.911Z,unclaimed
IDWJCDmZHQ,http://localhost:3000/IDWJCDmZHQ,2026-01-01T01:00:07.911Z,unclaimed
bsDfjRTsl6,http://localhost:3000/bsDfjRTsl6,2026-01-01T01:00:07.911Z,unclaimed
HPhQuj95tH,http://localhost:3000/HPhQuj95tH,2026-01-01T01:00:07.911Z,unclaimed
CBdJZnpK3S,http://localhost:3000/CBdJZnpK3S,2026-01-01T01:00:07.911Z,unclaimed
Sk07XxVICi,http://localhost:3000/Sk07XxVICi,2026-01-01T01:00:07.911Z,unclaimed
UR3qqbxPuv,http://localhost:3000/UR3qqbxPuv,2026-01-01T01:00:07.911Z,unclaimed
S29jl2HsIn,http://localhost:3000/S29jl2HsIn,2026-01-01T01:00:07.911Z,unclaimed
WuHV1JUKaE,http://localhost:3000/WuHV1JUKaE,2026-01-01T01:00:07.911Z,unclaimed
5fwN00VQIa,http://localhost:3000/5fwN00VQIa,2026-01-01T01:00:07.911Z,unclaimed
P7dKgyT54U,http://localhost:3000/P7dKgyT54U,2026-01-01T01:00:07.911Z,unclaimed
GCOcb6RSF7,http://localhost:3000/GCOcb6RSF7,2026-01-01T01:00:07.911Z,unclaimed
XsaeoB94XX,http://localhost:3000/XsaeoB94XX,2026-01-01T01:00:07.911Z,unclaimed
LmpTzGYqQq,http://localhost:3000/LmpTzGYqQq,2026-01-01T01:00:07.911Z,unclaimed
SNs1T8LRY0,http://localhost:3000/SNs1T8LRY0,2026-01-01T01:00:07.911Z,unclaimed
N32GlS3H4F,http://localhost:3000/N32GlS3H4F,2026-01-01T01:00:07.911Z,unclaimed
sDObu0whJY,http://localhost:3000/sDObu0whJY,2026-01-01T01:00:07.911Z,unclaimed
Zv8uBuqO0c,http://localhost:3000/Zv8uBuqO0c,2026-01-01T01:00:07.911Z,unclaimed
EqissJ9YOF,http://localhost:3000/EqissJ9YOF,2026-01-01T01:00:07.911Z,unclaimed
W72pmSBYi5,http://localhost:3000/W72pmSBYi5,2026-01-01T01:00:07.911Z,unclaimed
LdbOS8wWXF,http://localhost:3000/LdbOS8wWXF,2026-01-01T01:00:07.911Z,unclaimed
EQyvrMU5Ag,http://localhost:3000/EQyvrMU5Ag,2026-01-01T01:00:07.911Z,unclaimed
TMRIGkmN5Y,http://localhost:3000/TMRIGkmN5Y,2026-01-01T01:00:07.911Z,unclaimed
s3iajFGMxI,http://localhost:3000/s3iajFGMxI,2026-01-01T01:00:07.911Z,unclaimed
jVPk6o8xrw,http://localhost:3000/jVPk6o8xrw,2026-01-01T01:00:07.911Z,unclaimed
G66tzETrG6,http://localhost:3000/G66tzETrG6,2026-01-01T01:00:07.911Z,unclaimed
z8pWDE69JQ,http://localhost:3000/z8pWDE69JQ,2026-01-01T01:00:07.911Z,unclaimed
LIRuxPAFQR,http://localhost:3000/LIRuxPAFQR,2026-01-01T01:00:07.911Z,unclaimed
ejhiREan57,http://localhost:3000/ejhiREan57,2026-01-01T01:00:07.911Z,unclaimed
BHnFzyecAu,http://localhost:3000/BHnFzyecAu,2026-01-01T01:00:07.911Z,unclaimed
VtErM3olsL,http://localhost:3000/VtErM3olsL,2026-01-01T01:00:07.911Z,unclaimed
xfhqlEoaTo,http://localhost:3000/xfhqlEoaTo,2026-01-01T01:00:07.911Z,unclaimed
7zStj12hUU,http://localhost:3000/7zStj12hUU,2026-01-01T01:00:07.911Z,unclaimed
8pgXVmbnh7,http://localhost:3000/8pgXVmbnh7,2026-01-01T01:00:07.911Z,unclaimed
w2SybGZfdJ,http://localhost:3000/w2SybGZfdJ,2026-01-01T01:00:07.911Z,unclaimed
W5Dz5HCLvo,http://localhost:3000/W5Dz5HCLvo,2026-01-01T01:00:07.911Z,unclaimed
RbmMqduXlS,http://localhost:3000/RbmMqduXlS,2026-01-01T01:00:07.911Z,unclaimed
2awyvpnvR3,http://localhost:3000/2awyvpnvR3,2026-01-01T01:00:07.911Z,unclaimed
GybtUEgube,http://localhost:3000/GybtUEgube,2026-01-01T01:00:07.911Z,unclaimed
NuAS2Wkj8W,http://localhost:3000/NuAS2Wkj8W,2026-01-01T01:00:07.911Z,unclaimed
yhMxyCaf53,http://localhost:3000/yhMxyCaf53,2026-01-01T01:00:07.911Z,unclaimed
RH4nfXjvip,http://localhost:3000/RH4nfXjvip,2026-01-01T01:00:07.911Z,unclaimed
UgW0IPLAQC,http://localhost:3000/UgW0IPLAQC,2026-01-01T01:00:07.911Z,unclaimed
ccDKD7H3gC,http://localhost:3000/ccDKD7H3gC,2026-01-01T01:00:07.911Z,unclaimed
W1mnLUKOZV,http://localhost:3000/W1mnLUKOZV,2026-01-01T01:00:07.911Z,unclaimed
1hENcazavg,http://localhost:3000/1hENcazavg,2026-01-01T01:00:07.911Z,unclaimed
p2WVqmm2Yb,http://localhost:3000/p2WVqmm2Yb,2026-01-01T01:00:07.911Z,unclaimed
oxKdSAJJCJ,http://localhost:3000/oxKdSAJJCJ,2026-01-01T01:00:07.911Z,unclaimed
n5jO4OEQoW,http://localhost:3000/n5jO4OEQoW,2026-01-01T01:00:07.911Z,unclaimed
gl9UcuCJJw,http://localhost:3000/gl9UcuCJJw,2026-01-01T01:00:07.911Z,unclaimed
Pf3gcoMmqE,http://localhost:3000/Pf3gcoMmqE,2026-01-01T01:00:07.911Z,unclaimed
nkWRaorqHq,http://localhost:3000/nkWRaorqHq,2026-01-01T01:00:07.911Z,unclaimed
zMgJUkTnTk,http://localhost:3000/zMgJUkTnTk,2026-01-01T01:00:07.911Z,unclaimed
a20WELFAGp,http://localhost:3000/a20WELFAGp,2026-01-01T01:00:07.911Z,unclaimed
j87Gmoys7h,http://localhost:3000/j87Gmoys7h,2026-01-01T01:00:07.911Z,unclaimed
S9SRVJG3NE,http://localhost:3000/S9SRVJG3NE,2026-01-01T01:00:07.911Z,unclaimed
cyGlADhShv,http://localhost:3000/cyGlADhShv,2026-01-01T01:00:07.911Z,unclaimed
28HYnsKBPW,http://localhost:3000/28HYnsKBPW,2026-01-01T01:00:07.911Z,unclaimed
l4e7w4wlIx,http://localhost:3000/l4e7w4wlIx,2026-01-01T01:00:07.911Z,unclaimed
kNJrBvUuoq,http://localhost:3000/kNJrBvUuoq,2026-01-01T01:00:07.911Z,unclaimed
uaMZjdAzFO,http://localhost:3000/uaMZjdAzFO,2026-01-01T01:00:07.911Z,unclaimed
Xxrp7mgw6a,http://localhost:3000/Xxrp7mgw6a,2026-01-01T01:00:07.911Z,unclaimed
B94pmo50WU,http://localhost:3000/B94pmo50WU,2026-01-01T01:00:07.911Z,unclaimed
dk4tjnylnx,http://localhost:3000/dk4tjnylnx,2026-01-01T01:00:07.911Z,unclaimed
no1jd2yPT4,http://localhost:3000/no1jd2yPT4,2026-01-01T01:00:07.911Z,unclaimed
MKDPh8K3oV,http://localhost:3000/MKDPh8K3oV,2026-01-01T01:00:07.911Z,unclaimed
jzqvg1ypKN,http://localhost:3000/jzqvg1ypKN,2026-01-01T01:00:07.911Z,unclaimed
czgsXCh3SM,http://localhost:3000/czgsXCh3SM,2026-01-01T01:00:07.911Z,unclaimed
BAX6ZAlXvc,http://localhost:3000/BAX6ZAlXvc,2026-01-01T01:00:07.911Z,unclaimed
wg6xTxDLpe,http://localhost:3000/wg6xTxDLpe,2026-01-01T01:00:07.911Z,unclaimed
gsZ6IaW1pn,http://localhost:3000/gsZ6IaW1pn,2026-01-01T01:00:07.911Z,unclaimed
h6amw3aJOK,http://localhost:3000/h6amw3aJOK,2026-01-01T01:00:07.911Z,unclaimed
cGrF9i2YgX,http://localhost:3000/cGrF9i2YgX,2026-01-01T01:00:07.911Z,unclaimed
pN9rb94Gwp,http://localhost:3000/pN9rb94Gwp,2026-01-01T01:00:07.911Z,unclaimed
Ma2sbwOib1,http://localhost:3000/Ma2sbwOib1,2026-01-01T01:00:07.911Z,unclaimed
2R7MlRnweF,http://localhost:3000/2R7MlRnweF,2026-01-01T01:00:07.911Z,unclaimed
ANDVEu1JSX,http://localhost:3000/ANDVEu1JSX,2026-01-01T01:00:07.911Z,unclaimed
HFr8ZghY67,http://localhost:3000/HFr8ZghY67,2026-01-01T01:00:07.911Z,unclaimed
4i3GJE3IO0,http://localhost:3000/4i3GJE3IO0,2026-01-01T01:00:07.911Z,unclaimed
feu7IZHYgu,http://localhost:3000/feu7IZHYgu,2026-01-01T01:00:07.911Z,unclaimed
uvekILJESI,http://localhost:3000/uvekILJESI,2026-01-01T01:00:07.911Z,unclaimed
WVkjmRI2jQ,http://localhost:3000/WVkjmRI2jQ,2026-01-01T01:00:07.911Z,unclaimed
YPM3iY9Z7V,http://localhost:3000/YPM3iY9Z7V,2026-01-01T01:00:07.911Z,unclaimed
2asJAWHDox,http://localhost:3000/2asJAWHDox,2026-01-01T01:00:07.911Z,unclaimed
ocrI1C71dY,http://localhost:3000/ocrI1C71dY,2026-01-01T01:00:07.911Z,unclaimed
zqQ3zsPuh3,http://localhost:3000/zqQ3zsPuh3,2026-01-01T01:00:07.911Z,unclaimed
10U5ckccX2,http://localhost:3000/10U5ckccX2,2026-01-01T01:00:07.911Z,unclaimed
Z0bbjTw2Li,http://localhost:3000/Z0bbjTw2Li,2026-01-01T01:00:07.911Z,unclaimed
TnUcNqbX4W,http://localhost:3000/TnUcNqbX4W,2026-01-01T01:00:07.911Z,unclaimed
3TQ596cVAX,http://localhost:3000/3TQ596cVAX,2026-01-01T01:00:07.911Z,unclaimed
NlAVaC0TQ8,http://localhost:3000/NlAVaC0TQ8,2026-01-01T01:00:07.911Z,unclaimed
8K7xh9ECZ5,http://localhost:3000/8K7xh9ECZ5,2026-01-01T01:00:07.911Z,unclaimed
KfVUW47RJ2,http://localhost:3000/KfVUW47RJ2,2026-01-01T01:00:07.911Z,unclaimed
jvjjhszEpf,http://localhost:3000/jvjjhszEpf,2026-01-01T01:00:07.911Z,unclaimed
lZPguM9Mk7,http://localhost:3000/lZPguM9Mk7,2026-01-01T01:00:07.911Z,unclaimed
J8uCWpRc7K,http://localhost:3000/J8uCWpRc7K,2026-01-01T01:00:07.911Z,unclaimed
nJR6LaKYMZ,http://localhost:3000/nJR6LaKYMZ,2026-01-01T01:00:07.911Z,unclaimed
2y6jd3pLLY,http://localhost:3000/2y6jd3pLLY,2026-01-01T01:00:07.911Z,unclaimed
Y8Q3rZRNz4,http://localhost:3000/Y8Q3rZRNz4,2026-01-01T01:00:07.911Z,unclaimed
o5CR8arYIN,http://localhost:3000/o5CR8arYIN,2026-01-01T01:00:07.911Z,unclaimed
TbnY5lbE8j,http://localhost:3000/TbnY5lbE8j,2026-01-01T01:00:07.911Z,unclaimed
PpnTh634uJ,http://localhost:3000/PpnTh634uJ,2026-01-01T01:00:07.911Z,unclaimed
EB6kA3G9RQ,http://localhost:3000/EB6kA3G9RQ,2026-01-01T01:00:07.911Z,unclaimed
WAoQFZpoiw,http://localhost:3000/WAoQFZpoiw,2026-01-01T01:00:07.911Z,unclaimed
8OM4Nn32Ys,http://localhost:3000/8OM4Nn32Ys,2026-01-01T01:00:07.911Z,unclaimed
vKtDf82xK3,http://localhost:3000/vKtDf82xK3,2026-01-01T01:00:07.911Z,unclaimed
PKSiUMfvbK,http://localhost:3000/PKSiUMfvbK,2026-01-01T01:00:07.911Z,unclaimed
PIgrMWpJkI,http://localhost:3000/PIgrMWpJkI,2026-01-01T01:00:07.911Z,unclaimed
KWNKCiL338,http://localhost:3000/KWNKCiL338,2026-01-01T01:00:07.911Z,unclaimed